Site,Game,Name,Price,Anticheat Rank,Uptime Percentage,Avg Players (Jan),Twitch Hours,Game Age,Aimbot,ESP,Site Traffic
AC Diamond,Apex Legends,Premium,89,0.5,0.772,16848374,20218912,60,1,1,84410
Aim Junkies,Apex Legends,ESP Only,69.95,0.5,0.772,16848374,20218912,60,0,1,62063
Aim Junkies,Apex Legends,Full ,99.95,0.5,0.772,16848374,20218912,60,1,1,62063
Battle Log,Apex Legends,Seven,69.9,0.5,0.772,16848374,20218912,60,1,1,194463
Battle Log,Apex Legends,Supreme,79.9,0.5,0.772,16848374,20218912,60,1,1,194463
Cheat Army,Apex Legends,Cheat Army,69,0.5,0.772,16848374,20218912,60,1,1,31100
Clutch Solutions ,Apex Legends,Clutch Solutions 1,43.6,0.5,0.772,16848374,20218912,60,1,1,84731
Clutch Solutions ,Apex Legends,Clutch Solutions 2,59.95,0.5,0.772,16848374,20218912,60,1,1,84731
Invision Cheats,Apex legends,Premium,55.28,0.5,0.772,16848374,20218912,60,1,1,10757
Kernaim,Apex Legends,Kernaim,60,0.5,0.772,16848374,20218912,60,1,1,189338
Lavi Cheats,Apex Legends,Scar,49,0.5,0.772,16848374,20218912,60,1,1,153429
Lavi Cheats,Apex Legends,Thermal,66.33,0.5,0.772,16848374,20218912,60,1,1,153429
Lavi Cheats,Apex Legends,Delta,69,0.5,0.772,16848374,20218912,60,1,1,153429
Lavi Cheats,Apex Legends,Moon,74,0.5,0.772,16848374,20218912,60,1,1,153429
Perfect Aim,Apex Legends,Perfect Aim,25.43,0.5,0.772,16848374,20218912,60,1,1,12524
Private Cheatz,Apex Legends,Hyperion,44.99,0.5,0.772,16848374,20218912,60,1,1,78166
Private Cheatz,Apex Legends,Lunar,68.99,0.5,0.772,16848374,20218912,60,1,1,78166
Private Cheatz,Apex Legends,Army,79,0.5,0.772,16848374,20218912,60,1,1,78166
Private Cheatz,Apex Legends,Multi-Legit,104.99,0.5,0.772,16848374,20218912,60,1,1,78166
Private Cheatz,Apex Legends,Intel,114.99,0.5,0.772,16848374,20218912,60,1,1,78166
Proofcore,Apex Legends,Proofcore,49.99,0.5,0.772,16848374,20218912,60,1,1,36408
Ring-1,Apex Legends,Ring-1,39,0.5,0.772,16848374,20218912,60,1,1,115353
Sky Cheats,Apex Legends,Lunar,69,0.5,0.772,16848374,20218912,60,1,1,197463
Sky Cheats,Apex Legends,Galaxy,79,0.5,0.772,16848374,20218912,60,1,1,197463
Sky Cheats,Apex Legends,Mint,79,0.5,0.772,16848374,20218912,60,1,1,197463
Sky Cheats,Apex Legends,Army,99,0.5,0.772,16848374,20218912,60,1,1,197463
Sky Cheats,Apex Legends,OMEGA,99,0.5,0.772,16848374,20218912,60,1,1,197463
Sky Cheats,Apex Legends,Azur,99,0.5,0.772,16848374,20218912,60,1,1,197463
Time2Win,Apex Legends,Hyperion,39.99,0.5,0.772,16848374,20218912,60,1,1,54415
Time2Win,Apex Legends,Collapse,49.99,0.5,0.772,16848374,20218912,60,1,1,54415
Time2Win,Apex Legends,Prime,119.99,0.5,0.772,16848374,20218912,60,1,1,54415
Veteran Cheats,Apex Legends,Icon,71.86,0.5,0.772,16848374,20218912,60,1,1,45452
Veteran Cheats,Apex Legends,Atomic,121.61,0.5,0.772,16848374,20218912,60,1,1,45452
Veteran Cheats,Apex Legends,X-ray,165.83,0.5,0.772,16848374,20218912,60,1,1,45452
Aim Junkies,Battlefield 1,Aim Junkies ,14.95,0.1,0.98,660130.625,117410,88,1,1,62063
Aimware,Battlefield 1,Aimware,17.2385,0.1,0.98,660130.625,117410,88,1,1,135784
Engine Owning,Battlefield 1,Engine Owning,10.8891,0.1,0.98,660130.625,117410,88,1,1,509720
Perfect Aim,Battlefield 1,Perfect Aim,13.27,0.1,0.98,660130.625,117410,88,1,1,12524
Sky Cheats,Battlefield 1,Chaos,55,0.1,0.98,660130.625,117410,88,1,1,197463
Wallhax,Battlefield 1,Wallhax,15,0.1,0.98,660130.625,117410,88,1,1,45086
Aim Junkies,Battlefield 2042,Aim Junkies ,49.95,0.7,0.877,908000,338530,27,1,1,62063
Lavi Cheats,Battlefield 2042,Scar,69,0.7,0.877,908000,338530,27,1,1,153429
Lavi Cheats,Battlefield 2042,Landmine,79,0.7,0.877,908000,338530,27,1,1,153429
Perfect Aim,Battlefield 2042,Perfect Aim,16.58,0.7,0.877,908000,338530,27,1,1,12524
Private Cheatz,Battlefield 2042,Hyperion,89.99,0.7,0.877,908000,338530,27,1,1,78166
Private Cheatz,Battlefield 2042,Multi-Legit,99.99,0.7,0.877,908000,338530,27,1,1,78166
Private Cheatz,Battlefield 2042,Fecurity ,109.99,0.7,0.877,908000,338530,27,1,1,78166
Proofcore,Battlefield 2042,Proofcore,99.99,0.7,0.877,908000,338530,27,1,1,36408
Sky Cheats,Battlefield 2042,Galaxy,110,0.7,0.877,908000,338530,27,1,1,197463
Sky Cheats,Battlefield 2042,Thunder,130,0.7,0.877,908000,338530,27,1,1,197463
Time2Win,Battlefield 2042,Hyperion,54.99,0.7,0.877,908000,338530,27,1,1,54415
Veteran Cheats,Battlefield 2042,Stargaze,149.25,0.7,0.877,908000,338530,27,1,1,45452
AC Diamond,COD Warzone,VIP,49,0.45,0.724,21689618.18,41103855,47,1,1,84410
AC Diamond,COD Warzone,Luther,49,0.45,0.724,21689618.18,41103855,47,1,1,84410
Battle Log,COD Warzone,Vader,31.95,0.45,0.724,21689618.18,41103855,47,1,1,194463
Battle Log,COD Warzone,Cronos,63.9,0.45,0.724,21689618.18,41103855,47,1,1,194463
Engine Owning,COD Warzone,Engine Owning,19.5764,0.45,0.724,21689618.18,41103855,47,1,1,509720
Interwebz Cheats,COD Warzone,Interwebz Cheats,21.7891,0.45,0.724,21689618.18,41103855,47,1,1,144838
Kernaim,COD Warzone,Kernaim,33,0.45,0.724,21689618.18,41103855,47,1,1,189338
Lavi Cheats,COD Warzone,Scar,59,0.45,0.724,21689618.18,41103855,47,1,1,153429
Lavi Cheats,COD Warzone,Frost,59,0.45,0.724,21689618.18,41103855,47,1,1,153429
Lavi Cheats,COD Warzone,Thunder,64.9,0.45,0.724,21689618.18,41103855,47,1,1,153429
Lavi Cheats,COD Warzone,Delta,79,0.45,0.724,21689618.18,41103855,47,1,1,153429
Phantom Overlay ,COD Warzone,Phantom Overlay,34.49,0.45,0.724,21689618.18,41103855,47,1,1,87528
Private Cheatz,COD Warzone,Fecurity,99.99,0.45,0.724,21689618.18,41103855,47,1,1,78166
Private Cheatz,COD Warzone,Hush,99.99,0.45,0.724,21689618.18,41103855,47,1,1,78166
Private Cheatz,COD Warzone,Multi-Legit,99.99,0.45,0.724,21689618.18,41103855,47,1,1,78166
Private Cheatz,COD Warzone,Multi-Rage,99.99,0.45,0.724,21689618.18,41103855,47,1,1,78166
Private Cheatz,COD Warzone,Intel,104.99,0.45,0.724,21689618.18,41103855,47,1,1,78166
Proofcore,COD Warzone,Proofcore,49.99,0.45,0.724,21689618.18,41103855,47,1,1,36408
Ring-1,COD Warzone,Ring-1,29,0.45,0.724,21689618.18,41103855,47,1,1,115353
Time2Win,COD Warzone,Hyperion,54.99,0.45,0.724,21689618.18,41103855,47,1,1,54415
Veteran Cheats,COD Warzone,Tforce,82.92,0.45,0.724,21689618.18,41103855,47,1,1,45452
Aim Junkies,Counter Strike 2 ,Aim Junkies ,14.95,0.2,0.862,47933258,39956405,5,1,1,62063
Aimware,Counter Strike 2 ,Aimware,22.9885,0.2,0.862,47933258,39956405,5,1,1,135784
Battle Log,Counter Strike 2 ,Seven ,19.9,0.2,0.862,47933258,39956405,5,1,1,194463
Battle Log,Counter Strike 2 ,Deluxe ,19.9,0.2,0.862,47933258,39956405,5,1,1,194463
Cheat Army,Counter Strike 2 ,Cheat Army,17.5,0.2,0.862,47933258,39956405,5,1,1,31100
Chod's Cheats,Counter Strike 2 ,Chod's Cheats,19.87,0.2,0.862,47933258,39956405,5,1,1,37540
Clutch Solutions ,Counter Strike 2 ,Clutch Solutions ,22.11,0.2,0.862,47933258,39956405,5,1,1,84731
Engine Owning,Counter Strike 2 ,Engine Owning,10.94,0.2,0.862,47933258,39956405,5,1,1,509720
Interwebz Cheats,Counter Strike 2 ,Interwebz Cheats,21.7891,0.2,0.862,47933258,39956405,5,1,1,144838
Invision Cheats,Counter Strike 2 ,ANYX,11.06,0.2,0.862,47933258,39956405,5,1,1,10757
Kernaim,Counter Strike 2 ,Kernaim,16.5,0.2,0.862,47933258,39956405,5,1,1,189338
Lavi Cheats,Counter Strike 2 ,Thunder,29,0.2,0.862,47933258,39956405,5,1,1,153429
Lavi Cheats,Counter Strike 2 ,Scar,34.9,0.2,0.862,47933258,39956405,5,1,1,153429
Perfect Aim,Counter Strike 2 ,Perfect Aim,9.95,0.2,0.862,47933258,39956405,5,1,1,12524
Phantom Overlay ,Counter Strike 2 ,Phantom Overlay,19.96,0.2,0.862,47933258,39956405,5,1,1,87528
Private Cheatz,Counter Strike 2 ,Fecurity ,24.99,0.2,0.862,47933258,39956405,5,1,1,78166
Sky Cheats,Counter Strike 2 ,Hyper,35,0.2,0.862,47933258,39956405,5,1,1,197463
Sky Cheats,Counter Strike 2 ,Delta,50,0.2,0.862,47933258,39956405,5,1,1,197463
Time2Win,Counter Strike 2 ,Colossus,29.99,0.2,0.862,47933258,39956405,5,1,1,54415
Veteran Cheats,Counter Strike 2 ,Hook ,22.11,0.2,0.862,47933258,39956405,5,1,1,45452
Wallhax,Counter Strike 2 ,Wallhax,15,0.2,0.862,47933258,39956405,5,1,1,45086
AC Diamond,Fortnite,Premium,120,0.85,0.698,34365300.13,66614832,79,1,1,84410
Battle Log,Fortnite,Vader,79.9,0.85,0.698,34365300.13,66614832,79,1,1,194463
Battle Log,Fortnite,Ultimate,79.9,0.85,0.698,34365300.13,66614832,79,1,1,194463
Battle Log,Fortnite,Deluxe,79.9,0.85,0.698,34365300.13,66614832,79,1,1,194463
Cheat Army,Fortnite,Cheat Army,110,0.85,0.698,34365300.13,66614832,79,1,1,31100
Invision Cheats,Fortnite,Magma,66.33,0.85,0.698,34365300.13,66614832,79,1,1,10757
Lavi Cheats,Fortnite,Beast,69,0.85,0.698,34365300.13,66614832,79,1,1,153429
Lavi Cheats,Fortnite,Thunder,84,0.85,0.698,34365300.13,66614832,79,1,1,153429
Lavi Cheats,Fortnite,Coffee,89,0.85,0.698,34365300.13,66614832,79,1,1,153429
Private Cheatz,Fortnite,Hyperion,89.99,0.85,0.698,34365300.13,66614832,79,1,1,78166
Private Cheatz,Fortnite,Army,109.99,0.85,0.698,34365300.13,66614832,79,1,1,78166
Private Cheatz,Fortnite,Fecurity ,174.99,0.85,0.698,34365300.13,66614832,79,1,1,78166
Sky Cheats,Fortnite,Arena,75,0.85,0.698,34365300.13,66614832,79,1,1,197463
Sky Cheats,Fortnite,OMEGA,75,0.85,0.698,34365300.13,66614832,79,1,1,197463
Sky Cheats,Fortnite,Knight,80,0.85,0.698,34365300.13,66614832,79,1,1,197463
Sky Cheats,Fortnite,Valkyrie,99,0.85,0.698,34365300.13,66614832,79,1,1,197463
Sky Cheats,Fortnite,Oracle,130,0.85,0.698,34365300.13,66614832,79,1,1,197463
Sky Cheats,Fortnite,Dope,130,0.85,0.698,34365300.13,66614832,79,1,1,197463
Time2Win,Fortnite,Glacier,64.99,0.85,0.698,34365300.13,66614832,79,1,1,54415
Time2Win,Fortnite,Killer,69.99,0.85,0.698,34365300.13,66614832,79,1,1,54415
Time2Win,Fortnite,Prime,79.99,0.85,0.698,34365300.13,66614832,79,1,1,54415
Veteran Cheats,Fortnite,Rubicon,132.67,0.85,0.698,34365300.13,66614832,79,1,1,45452
Veteran Cheats,Fortnite,Veil,138.19,0.85,0.698,34365300.13,66614832,79,1,1,45452
Veteran Cheats,Fortnite,Gemini,149.25,0.85,0.698,34365300.13,66614832,79,1,1,45452
Battle Log,Overwatch 2,Fury,69.9,0.55,0.738,6510209.25,13026491,16,1,1,194463
Cheat Army,Overwatch 2,Cheat Army,70,0.55,0.738,6510209.25,13026491,16,1,1,31100
Lavi Cheats,Overwatch 2,Storm,69,0.55,0.738,6510209.25,13026491,16,1,1,153429
Lavi Cheats,Overwatch 2,Scar,69,0.55,0.738,6510209.25,13026491,16,1,1,153429
Phantom Overlay ,Overwatch 2,Phantom Overlay,43.24,0.55,0.738,6510209.25,13026491,16,1,1,87528
Private Cheatz,Overwatch 2,Hyperion,78.99,0.55,0.738,6510209.25,13026491,16,1,1,78166
Private Cheatz,Overwatch 2,Army,112.99,0.55,0.738,6510209.25,13026491,16,1,1,78166
Private Cheatz,Overwatch 2,Artemis,124.99,0.55,0.738,6510209.25,13026491,16,1,1,78166
Private Cheatz,Overwatch 2,Intel,149.99,0.55,0.738,6510209.25,13026491,16,1,1,78166
Ring-1,Overwatch 2,Ring-1,99,0.55,0.738,6510209.25,13026491,16,1,1,115353
Time2Win,Overwatch 2,Hyperion,99.99,0.55,0.738,6510209.25,13026491,16,1,1,54415
Time2Win,Overwatch 2,Swan,119.99,0.55,0.738,6510209.25,13026491,16,1,1,54415
Veteran Cheats,Overwatch 2,Grayman,145,0.55,0.738,6510209.25,13026491,16,1,1,45452
AC Diamond,Rainbow Six Siege ,Premium,85,0.65,0.833,4453686.937,12251583,98,1,1,84410
Battle Log,Rainbow Six Siege ,Seven Lite,47.9,0.65,0.833,4453686.937,12251583,98,1,1,194463
Battle Log,Rainbow Six Siege ,Deluxe ,79.9,0.65,0.833,4453686.937,12251583,98,1,1,194463
Battle Log,Rainbow Six Siege ,Fury,119.9,0.65,0.833,4453686.937,12251583,98,1,1,194463
Cheat Army,Rainbow Six Siege ,Cheat Army Legit,55,0.65,0.833,4453686.937,12251583,98,1,1,31100
Cheat Army,Rainbow Six Siege ,Cheat Army Full,70,0.65,0.833,4453686.937,12251583,98,1,1,31100
Lavi Cheats,Rainbow Six Siege ,Eagle Lite,44,0.65,0.833,4453686.937,12251583,98,1,1,153429
Lavi Cheats,Rainbow Six Siege ,Scar,69,0.65,0.833,4453686.937,12251583,98,1,1,153429
Lavi Cheats,Rainbow Six Siege ,Eagle Rage,79,0.65,0.833,4453686.937,12251583,98,1,1,153429
Lavi Cheats,Rainbow Six Siege ,Blaze,79,0.65,0.833,4453686.937,12251583,98,1,1,153429
Perfect Aim,Rainbow Six Siege ,Perfect Aim,35.38,0.65,0.833,4453686.937,12251583,98,1,1,12524
Ring-1,Rainbow Six Siege ,Ring-1,49,0.65,0.833,4453686.937,12251583,98,1,1,115353
Sky Cheats,Rainbow Six Siege ,Vision,55,0.65,0.833,4453686.937,12251583,98,1,1,197463
Sky Cheats,Rainbow Six Siege ,SWAT,99,0.65,0.833,4453686.937,12251583,98,1,1,197463
Sky Cheats,Rainbow Six Siege ,Orpheon,120,0.65,0.833,4453686.937,12251583,98,1,1,197463
Sky Cheats,Rainbow Six Siege ,Zeus,130,0.65,0.833,4453686.937,12251583,98,1,1,197463
Time2Win,Rainbow Six Siege ,Hyperion ,54.99,0.65,0.833,4453686.937,12251583,98,1,1,54415
Veteran Cheats,Rainbow Six Siege ,Gemini,121.61,0.65,0.833,4453686.937,12251583,98,1,1,45452
Veteran Cheats,Rainbow Six Siege ,Union,143.72,0.65,0.833,4453686.937,12251583,98,1,1,45452
Aim Junkies,Team Fortress 2 ,Aim Junkies ,14.95,0.2,1,12701285,205859,196,1,1,62063
Aimware,Team Fortress 2 ,Aimware,17.2385,0.2,1,12701285,205859,196,1,1,135784
Perfect Aim,Team Fortress 2 ,Perfect Aim,6.63,0.2,1,12701285,205859,196,1,1,12524
Battle Log,The Finals ,Seven,74.9,0.6,0.834,2357840.625,7798481,2,1,1,194463
Battle Log,The Finals ,Fury,74.9,0.6,0.834,2357840.625,7798481,2,1,1,194463
Cheat Army,The Finals ,Cheat Army,44.99,0.6,0.834,2357840.625,7798481,2,1,1,31100
Chod's Cheats,The Finals ,Chod's Cheats,38.05,0.6,0.834,2357840.625,7798481,2,1,1,37540
Kernaim,The Finals ,Kernaim,55,0.6,0.834,2357840.625,7798481,2,1,1,189338
Lavi Cheats,The Finals ,Scar,89,0.6,0.834,2357840.625,7798481,2,1,1,153429
Lavi Cheats,The Finals ,Thunder,89,0.6,0.834,2357840.625,7798481,2,1,1,153429
Private Cheatz,The Finals ,Fecurity ,104.99,0.6,0.834,2357840.625,7798481,2,1,1,78166
Private Cheatz,The Finals ,Hyperion,104.99,0.6,0.834,2357840.625,7798481,2,1,1,78166
Sky Cheats,The Finals ,Alpha,75,0.6,0.834,2357840.625,7798481,2,1,1,197463
Sky Cheats,The Finals ,Oracle,75,0.6,0.834,2357840.625,7798481,2,1,1,197463
Sky Cheats,The Finals ,Hyper,79,0.6,0.834,2357840.625,7798481,2,1,1,197463
Sky Cheats,The Finals ,OMEGA,120,0.6,0.834,2357840.625,7798481,2,1,1,197463
Veteran Cheats,The Finals ,Orion ,93.97,0.6,0.834,2357840.625,7798481,2,1,1,45452
AC Diamond,Valorant,Luther,96,0.9,0.5,25438207,54114370,44,1,1,84410
Battle Log,Valorant,Fury,99.9,0.9,0.5,25438207,54114370,44,1,1,194463
Battle Log,Valorant,Vader,145.75,0.9,0.5,25438207,54114370,44,1,1,194463
Invision Cheats,Valorant,Public,66.33,0.9,0.5,25438207,54114370,44,1,1,10757
Lavi Cheats,Valorant,Yamatos,89,0.9,0.5,25438207,54114370,44,1,1,153429
Lavi Cheats,Valorant,Coffee,89,0.9,0.5,25438207,54114370,44,1,1,153429
Lavi Cheats,Valorant,Grave,109,0.9,0.5,25438207,54114370,44,1,1,153429
Private Cheatz,Valorant,Hyperion,99.99,0.9,0.5,25438207,54114370,44,0,1,78166
Private Cheatz,Valorant,Droid,99.99,0.9,0.5,25438207,54114370,44,1,1,78166
Sky Cheats,Valorant,Division,99,0.9,0.5,25438207,54114370,44,1,1,197463
Sky Cheats,Valorant,Zero,99,0.9,0.5,25438207,54114370,44,1,1,197463
Sky Cheats,Valorant,Tenet,99,0.9,0.5,25438207,54114370,44,0,1,197463
Sky Cheats,Valorant,Omega,110,0.9,0.5,25438207,54114370,44,1,1,197463
Sky Cheats,Valorant,Valkyrie,120,0.9,0.5,25438207,54114370,44,0,1,197463
Time2Win,Valorant,Hyperion,54.99,0.9,0.5,25438207,54114370,44,1,1,54415
Veteran Cheats,Valorant,Private Chams,254.28,0.9,0.5,25438207,54114370,44,1,1,45452
